{
  "images" : [
    {
      "idiom" : "universal",
      "scale" : "1x"
    },
    {
      "resizing" : {
        "mode" : "9-part",
        "center" : {
          "mode" : "stretch",
          "width" : 1,
          "height" : 1
        },
        "capInsets" : {
          "bottom" : 44,
          "top" : 43,
          "right" : 40,
          "left" : 41
        }
      },
      "idiom" : "universal",
      "filename" : "submitorder_2@2x.png",
      "scale" : "2x"
    },
    {
      "resizing" : {
        "mode" : "9-part",
        "center" : {
          "mode" : "stretch",
          "width" : 1,
          "height" : 1
        },
        "capInsets" : {
          "bottom" : 66,
          "top" : 65,
          "right" : 62,
          "left" : 63
        }
      },
      "idiom" : "universal",
      "filename" : "submitorder_2@3x.png",
      "scale" : "3x"
    }
  ],
  "info" : {
    "version" : 1,
    "author" : "xcode"
  }
}