{
  "images" : [
    {
      "resizing" : {
        "mode" : "9-part",
        "center" : {
          "mode" : "fill",
          "width" : 1,
          "height" : 1
        },
        "capInsets" : {
          "bottom" : 30,
          "top" : 35,
          "right" : 35,
          "left" : 35
        }
      },
      "idiom" : "universal",
      "filename" : "into_home.png",
      "scale" : "1x"
    },
    {
      "resizing" : {
        "mode" : "9-part",
        "center" : {
          "mode" : "stretch",
          "width" : 1,
          "height" : 1
        },
        "capInsets" : {
          "bottom" : 32,
          "top" : 44,
          "right" : 155,
          "left" : 158
        }
      },
      "idiom" : "universal",
      "filename" : "into_home@2x.png",
      "scale" : "2x"
    },
    {
      "idiom" : "universal",
      "scale" : "3x"
    }
  ],
  "info" : {
    "version" : 1,
    "author" : "xcode"
  }
}