{
  "images" : [
    {
      "idiom" : "universal",
      "scale" : "1x"
    },
    {
      "resizing" : {
        "mode" : "9-part",
        "center" : {
          "mode" : "stretch",
          "width" : 1,
          "height" : 1
        },
        "capInsets" : {
          "bottom" : 26,
          "top" : 25,
          "right" : 24,
          "left" : 23
        }
      },
      "idiom" : "universal",
      "filename" : "pricedescription@2x.png",
      "scale" : "2x"
    },
    {
      "resizing" : {
        "mode" : "9-part",
        "center" : {
          "mode" : "stretch",
          "width" : 1,
          "height" : 1
        },
        "capInsets" : {
          "bottom" : 39,
          "top" : 38,
          "right" : 36,
          "left" : 35
        }
      },
      "idiom" : "universal",
      "filename" : "pricedescription@3x.png",
      "scale" : "3x"
    }
  ],
  "info" : {
    "version" : 1,
    "author" : "xcode"
  }
}